X,Y,SITE_NO,ROAD_NAME,LOCATION_DESC,TRAFFIC_YEAR,MON_SUN,MON_FRI,SAT_SUN,PCT_HEAVY_MON_SUN,PCT_HEAVY_MON_FRI,PCT_HEAVY_SAT_SUN,NETWORK_PERFORMANCE_SITE,LG_NO,LG_NAME,RA_NO,RA_NAME,OBJECTID,GlobalID
121.44235,-30.7732799999999,16193,Great Eastern Hwy,East of Atbara St,2024/25,9506,11253,5430,19.4,19.9,18,No,605,Kalgoorlie - Boulder (C),5,Goldfields - Esperance,7317276,{6DDF1C57-E74E-49A6-952C-413CC68CB1E8}
121.461867,-30.747036,19153,Piccadilly St,West of Chapple St,2024/25,5420,5639,4668,10,10.8,8.2,No,605,Kalgoorlie - Boulder (C),5,Goldfields - Esperance,7317525,{0397BAD8-2F5E-4B38-8FBD-1B2B6F762C81}
121.591752,-31.025368,50791,Goldfields Hwy,North of Kambalda,2025/26,2086,2285,1588,24.3,24.6,23.2,Yes,605,Kalgoorlie - Boulder (C),5,Goldfields - Esperance,7317717,{FDB66DFB-B7F1-4214-90B3-2261F4E9D339}
120.569404,-27.987209,52122,Mount Magnet Leinster Rd,West of Goldfields Hwy,2025/26,255,271,212,54.5,53.5,57.5,Yes,608,Leonora,5,Goldfields - Esperance,7316609,{8E7957B0-49BB-4173-B251-EBF79519F4A9}
121.825654,-33.809962,53787,South Coast Hwy,West of Coolgardie Esperance Hwy,2025/26,1436,1522,1223,34.2,36.3,27.6,Yes,604,Esperance,5,Goldfields - Esperance,7316310,{EDC62497-B33F-4A21-8B13-0CB8CADBF241}
121.892174,-33.833593,53825,Hill St,South of Harbour,2022/23,1001,1286,412,25.7,26.4,20.6,No,604,Esperance,5,Goldfields - Esperance,7316335,{ECA8C229-B759-4EC8-9BB3-010E6F615F9B}
117.087857,-33.8426239999999,15351,Boyup Brook Kojonup Rd,West of Kojonup Frankland Rd,2024/25,572,614,453,35,34.9,34.4,No,310,Kojonup,1,Great Southern,7317161,{51DDD2C8-5329-4B1F-88F5-C4613501203E}
117.529553,-35.021216,15385,Lower Denmark Rd,South of South Western Hwy,2020/21,943,992,808,5.9,7.1,3.5,No,302,Albany (C),1,Great Southern,7317171,{D38DA031-4938-4BD1-A3EC-2F4FB704F11D}
117.956358,-34.687492,15438,Chester Pass Rd,North of Porongorup Rd,2024/25,824,836,770,37.3,38.3,34.9,No,312,Plantagenet,1,Great Southern,7317183,{93A74D31-946A-405A-AE2E-A84EA737EAAF}
117.660064,-33.883705,15483,Great Southern Hwy,North of Broomehill Gnowangerup Rd,2024/25,1022,1072,886,33.4,37,24.9,No,303,Broomehill - Tambellup,1,Great Southern,7317193,{ED60B03A-649D-47BE-9B9A-7DF31B0643CA}
118.387053,-33.5930129999999,15561,Nyabing Pingrup Rd,East of Chester Pass Rd,2020/21,174,183,149,23.6,25.1,20.8,No,309,Kent,1,Great Southern,7317213,{93BAA190-06A3-46AE-B421-318D5B825666}
118.31713,-33.967508,15760,Chester Pass Rd,North of Gnowangerup Jerramungup Rd,2024/25,168,165,168,51.2,53.9,45.2,No,307,Gnowangerup,1,Great Southern,7317229,{571228B2-B711-4C43-A753-52758C0C480F}
118.027959,-34.547317,16557,Chillinup Rd,East of Chester Pass Rd,2020/21,116,132,78,22.4,27.3,9,No,312,Plantagenet,1,Great Southern,7317310,{AF5172C8-BCFB-4B8C-BACD-65FCB961DC58}
117.906787,-34.9365569999999,19180,Chester Pass Rd,North of Millbrook Rd,2024/25,3405,3634,2802,27.9,29.7,23.6,No,302,Albany (C),1,Great Southern,7317536,{92732FA6-0376-460A-9B2A-AB56C289FD2D}
117.08276,-33.5547999999999,19390,Albany Hwy,South of Robinson Rd West,2025/26,2084,2054,2161,19.3,22.4,12.2,Yes,317,Woodanilling,1,Great Southern,7317570,{E5BCFD4D-588E-473E-B8E0-7C40AD4F9CFE}
117.889367,-35.0301499999999,19543,Princess Royal Dr,West of Bolt Tce,2022/23,2887,2872,2754,17.4,21.3,9.8,No,302,Albany (C),1,Great Southern,7317606,{BA22CF40-9C63-42E7-B738-072849F6F56B}
120.075583,-33.570012,51057,South Coast Hwy,East of Ravensthorpe,2025/26,877,915,780,31.8,34,25.6,Yes,610,Ravensthorpe,1,Great Southern,7317785,{D6F0153F-2508-444E-AC18-332B9F1C6941}
118.17458,-34.8374499999999,51581,South Coast Hwy,North of Taylor St,2023/24,958,979,893,20.3,23.1,13.5,No,302,Albany (C),1,Great Southern,7317852,{121746EA-86B8-4991-8448-FA864443CF63}
120.068194,-33.582959,52327,Hopetoun Ravensthorpe Rd,South of Old Ravensthorpe Rd,2024/25,399,392,406,23.6,25.5,19.7,No,610,Ravensthorpe,1,Great Southern,7316648,{0EB1F398-557C-4B1D-8F61-4149BCC140DF}
117.362637,-34.895394,52908,Churchill Rd,West of Denmark Mt Barker Rd,2024/25,120,124,108,18.3,21,13,No,305,Denmark,1,Great Southern,7316739,{67EB3F9C-B176-41B2-B780-05740C46B4A9}
117.709186,-34.771699,53492,Albany Hwy,South of Hannan Way,2023/24,4365,4717,3510,18.1,20.6,11.3,No,312,Plantagenet,1,Great Southern,7316150,{29CB6C99-2849-4210-99A8-460B23BA0F8E}
117.828998,-35.0152419999999,53995,Menang Dr,West of Roundhay St,2025/26,1842,2021,1395,33,35.9,22.5,Yes,302,Albany (C),1,Great Southern,7316441,{0D7D6FE4-ED74-45B3-BBCF-0451DBF1D007}
123.641945,-17.307677,50611,Stanley St,East of Field St,2024/25,339,391,220,10.6,11.3,7.7,No,003,Derby - West Kimberley,6,Kimberley,7317678,{71C4FE3C-A69B-4609-A2FE-8CEB195FF985}
123.679318,-17.346419,52427,Gibb River Rd,West of Adcock St,2024/25,759,840,571,23.8,25.1,19.8,No,003,Derby - West Kimberley,6,Kimberley,7316679,{CAE412BB-1915-474D-B5CF-D0001D0A5DD8}
128.295869,-15.843854,53854,Gibb River Wyndham Rd,West of Great Northern Hwy,2025/26,130,127,137,25.4,26.8,21.9,Yes,004,Wyndham - East Kimberley,6,Kimberley,7316358,{98291040-D19C-41D0-AF05-8F3BAAEF5E17}
115.854058,-31.928175,0028,Angove St,East of Charles St,2023/24,7266,7498,6540,2.9,3.5,1.6,No,130,Vincent (C),7,Metropolitan,7317950,{A538E700-F50A-4942-A928-B839BC6C46EB}
115.834647,-32.0198369999999,0091,Canning Hwy,East of Riseley St,2024/25,39681,41080,35990,7,7.8,5,No,119,Melville (C),7,Metropolitan,7317963,{B14F3B71-A891-4EA0-8F33-87C95806D700}
115.754324,-32.039778,0158,Queen Victoria St,At Fremantle Traffic Bridge,2022/23,22125,23056,19798,5.7,6.4,3.7,Yes,118,Fremantle (C),7,Metropolitan,7317983,{9E147CE7-21E1-4A62-B8D4-87B2EFFD7763}
115.901904,-31.921732,0249,Railway Pde (Mt Lawley Bassendean),East of Grand Prom,2021/22,10574,11307,8599,5.1,5.7,3.4,No,112,Bayswater (C),7,Metropolitan,7318001,{BC3A70E7-BD6F-4CD7-A319-26B7DAB7FA90}
115.906675,-31.982086,0332,Mint St,East of Shepperton Rd,2024/25,10833,11036,9876,7.6,8.8,5.4,No,129,Victoria Park (T),7,Metropolitan,7318016,{AAE9F587-3848-4EC0-B7DC-47E32E827156}
115.784573,-32.0359549999999,0416,Point Walter Rd,North of Canning Hwy,2024/25,1944,1932,1885,6.3,6.8,5.4,No,119,Melville (C),7,Metropolitan,7318033,{4560D29D-1F7C-4FB2-AECB-55E602DA8124}
115.778654,-32.063281,0492,South St,West of Carrington St,2024/25,19722,19748,20456,8.4,9,6.5,No,118,Fremantle (C),7,Metropolitan,7318709,{C95A1D0D-8508-4A61-B6BD-140F3163B3B1}
115.757927,-31.9269229999999,0524,The Boulevard,East of West Coast Hwy,2024/25,8090,8496,7034,4.7,5.2,3.3,No,128,Cambridge (T),7,Metropolitan,7318719,{F1FFC66F-AAC1-4834-A94D-F03C87479839}
115.817949,-31.975049,0613,Winthrop Av,North of Mounts Bay Rd,2024/25,22351,24303,17406,3.6,4,2.3,No,124,Perth (C),7,Metropolitan,7318732,{8B254FF6-D1EE-417C-859B-B4202CBECDB2}
115.751737,-32.0274269999999,0655,Curtin Av,South of Marine Pde,2023/24,17306,17579,16626,6.3,7.1,4.2,Yes,118,Fremantle (C),7,Metropolitan,7318746,{BF0858C5-2EF7-4795-A936-1F8D075E0AF2}
115.804143,-31.93893,0716,Selby St,North of The Boulevard,2024/25,17732,18124,15930,4.8,5.5,3.7,No,128,Cambridge (T),7,Metropolitan,7318759,{195E4DE4-BC0C-40A9-93ED-939B59DD21CA}
115.792756,-32.068328,0749,Stock Rd,South of South St,2021/22,25260,27520,18485,9,10.8,5.8,No,118,Fremantle (C),7,Metropolitan,7318770,{8409DB37-EF84-454B-9AE1-A188A8DDD0B2}
115.782398,-32.249513,1021,Mandurah Rd,South of Wellard Rd,2023/24,10711,13796,5202,11.3,11.9,8.6,No,107,Rockingham (C),7,Metropolitan,7318789,{A6F87B05-1C60-4D22-84F1-433C4AAFE210}
115.924824,-31.873367,1124,Beechboro Rd North,North of Benara Rd,2020/21,16978,17650,16194,3.7,4.1,2.2,No,112,Bayswater (C),7,Metropolitan,7318806,{896F8C7E-8557-43E5-A8ED-39B467DAD382}
115.862394,-31.987389,1203,Coode St,North of South Tce,2023/24,5068,5398,4233,2.9,3.5,1.5,No,126,South Perth (C),7,Metropolitan,7318820,{5410F3A6-05DE-43B4-B2E3-652017E03B89}
115.785268,-31.897885,1313,Scarborough Beach Rd,West of Huntriss Rd,2025/26,23763,23582,22425,7.2,8.3,5.4,No,125,Stirling (C),7,Metropolitan,7318835,{D3201C33-4C60-40CD-A3CE-A91379D5D95A}
115.978408,-32.004691,1445,Welshpool Rd East,East of Roe Hwy,2024/25,33762,38388,24469,12.3,16.5,5.1,No,102,Kalamunda,7,Metropolitan,7318850,{85E8EA0C-F992-4A1B-AED3-9E2EB9A61C8B}
115.804112,-31.9048109999999,1599,Selby St North,South of Scarborough Beach Rd,2024/25,6326,7881,3840,20.1,19.9,20.6,No,125,Stirling (C),7,Metropolitan,7318860,{CD614776-DA92-4D96-B9A4-D507D27A66BB}
115.767731,-31.9907239999999,1870,Stirling Hwy,South of Eric St,2025/26,34192,34519,32107,6.1,6.9,4.7,No,116,Cottesloe (T),7,Metropolitan,7318875,{E127D4B0-1C09-49C4-BD19-95E79173D84F}
115.83546,-31.8658,2078,Princess Rd (Westminster Balga),North of Arkana Rd,2025/26,6487,7156,5016,8.4,8.1,9.2,No,125,Stirling (C),7,Metropolitan,7318891,{0A9D624E-1C4C-4FDD-A218-4F901C0D819C}
115.75947,-31.739248,2206,Shenton Av,East of Mitchell Fwy,2024/25,31157,32460,28371,3.7,4,2.5,No,131,Joondalup (C),7,Metropolitan,7318903,{D3CBCAEE-DB5D-4EC6-9B3C-A4F58FB38C56}
115.918197,-31.904444,2354,Collier Rd,East of Beechboro Rd South,2020/21,21912,23290,17798,8.9,10.8,4.7,No,112,Bayswater (C),7,Metropolitan,7318918,{0F84E4C6-F3EB-43C4-8BD3-B9495BAE4AB2}
115.872503,-32.0430309999999,2470,Karel Av,South of Leach Hwy,2023/24,19386,19886,17979,3.4,3.9,2.2,No,114,Canning (C),7,Metropolitan,7318930,{677506EE-464D-4C2E-80A5-CED89574B401}
115.865069,-31.9468419999999,2600,Parry St,East of Beaufort St,2023/24,2989,2945,2962,2.5,2.9,1.9,No,130,Vincent (C),7,Metropolitan,7318943,{B9FDE721-31AD-4F46-8F37-E5B1247CE3B0}
115.83971,-31.9134999999999,2691,Banksia St,North of Green St,2025/26,1698,1868,1341,7.1,8.1,5.4,No,125,Stirling (C),7,Metropolitan,7318957,{1F69C687-0C1F-46D9-9119-7C78528C58A8}
115.851113,-31.944294,2823,Charles St on to Mitchell Fwy (Southbound),South of Newcastle St,2021/22,19950,20163,18438,5.5,6.6,3.1,No,124,Perth (C),7,Metropolitan,7318970,{088D83E0-4BF7-482C-BC7B-1564F2605CBF}
116.105506,-31.9028529999999,2965,Great Eastern Hwy,East of Hardey Rd (Hovea),2021/22,29783,30754,25814,14.3,15.9,11.6,No,106,Mundaring,7,Metropolitan,7318041,{CA4D72D9-9D41-4ACA-A4A6-B200E559F544}
115.888505,-31.997987,3217,Hayman Rd,East of Kent St,2023/24,8542,9568,5890,7.8,8.2,5.6,No,129,Victoria Park (T),7,Metropolitan,7318064,{813E4203-5441-44DF-AC3C-8CE7D146A2C2}
115.79645,-32.1040599999999,3274,Stock Rd,South of Spearwood Av,2020/21,19401,22616,12106,12,13.3,9,No,103,Cockburn (C),7,Metropolitan,7318078,{23A69045-9727-4BCE-ABE2-37FB0987B211}
115.918023,-31.972458,3400,Archer St,West of Orrong Rd,2021/22,12041,12436,10629,7.6,8.7,5.1,No,129,Victoria Park (T),7,Metropolitan,7318093,{2112D797-4F60-481C-880B-46AA6F0CF3EF}
115.777996,-31.7168609999999,3512,Joondalup Dr,West of Wanneroo Rd,2024/25,44223,44263,38831,3.6,4.4,2.9,No,110,Wanneroo (C),7,Metropolitan,7318105,{3A26A3E9-0E21-4F1A-A547-0568B9890432}
115.789037,-32.074735,3650,Winterfold Rd,West of Stock Rd,2024/25,14631,15153,13234,6.9,7.9,4.2,No,103,Cockburn (C),7,Metropolitan,7318121,{75FD042F-F606-474C-B014-C20BA195D33B}
115.864008,-31.940461,3723,William St,North of Bulwer St,2025/26,14221,14714,13644,5.1,5.5,3.2,No,130,Vincent (C),7,Metropolitan,7318612,{EED64C17-1EB0-48C9-8951-5C95848925E8}
115.803397,-31.930923,3849,Flynn St,West of Selby St,2020/21,17782,19133,14496,4.7,5.5,3.1,No,125,Stirling (C),7,Metropolitan,7318630,{CC6D7F2E-EC35-4FD6-A693-0345ABC10A4B}
115.827819,-32.293417,3929,Baldivis Rd,South of Mundijong Rd,2020/21,10363,10934,8773,7.6,8.9,4.6,No,107,Rockingham (C),7,Metropolitan,7318644,{13FEC3BA-6CED-427B-A57A-AD407A03CB59}
115.761149,-31.847033,4047,Beach Rd,West of Marmion Av,2024/25,7816,7695,7791,2.5,3,1.5,No,131,Joondalup (C),7,Metropolitan,7318665,{5EFFD1FF-7EDC-4972-A009-61C42A86E632}
115.816068,-31.833863,4083,Warwick Rd,East of Erindale Rd,2024/25,22088,22632,19370,5.3,6.5,3.6,No,131,Joondalup (C),7,Metropolitan,7318676,{807D8F59-B61B-4162-9318-928800DDE15A}
115.870086,-32.0661269999999,4146,South St,West of Karel Av,2025/26,39331,41523,33261,8.7,10.5,5.2,No,119,Melville (C),7,Metropolitan,7318689,{AA6EF004-0C2E-41AF-B034-465D5A0989FD}
115.792592,-31.9690199999999,4228,Alfred Rd,East of Brockway Rd,2024/25,6088,6463,5076,4.5,5.2,2.4,No,122,Nedlands (C),7,Metropolitan,7318134,{3F5335BD-022F-4DE6-8591-BC1E3769015E}
115.832235,-31.888968,4341,Morley Dr,East of Main St,2025/26,23615,24455,20397,5.8,6.3,5.1,No,125,Stirling (C),7,Metropolitan,7318150,{409D118D-935A-4FDD-99E8-A4E6C3790A21}
115.854618,-31.942537,4391,Fitzgerald St,North of Newcastle St,2021/22,18795,19432,16557,7.8,9.2,4.8,No,130,Vincent (C),7,Metropolitan,7318162,{CE937175-A041-4392-BEB4-383935230842}
115.986641,-32.431906,4444,South Western Hwy,North of Keysbrook,2025/26,3398,3403,3394,16.7,23,10.5,Yes,108,Serpentine - Jarrahdale,7,Metropolitan,7318172,{694FAC85-D4C9-401D-B5F7-2897C54FCB63}
115.967752,-31.8993389999999,4487,James St,West of Johnson St,2021/22,25760,27618,20858,7.6,8.6,5.1,No,109,Swan (C),7,Metropolitan,7318182,{0E1D1AA1-44C0-4B57-BCFC-D304187678C0}
115.832519,-32.021271,4542,Canning Hwy,West of Riseley St,2025/26,36496,37465,32502,7.4,8.5,5.4,No,119,Melville (C),7,Metropolitan,7318196,{C13B5A8D-B2E5-4BEF-A9FE-7D27D6D53A97}
115.780078,-32.047025,4621,Marmion St,East of Carrington St,2024/25,10359,10076,11077,7.3,7.9,5.8,No,119,Melville (C),7,Metropolitan,7318206,{5D310E72-BE3B-4D66-A8B9-B1B3531CA350}
115.798978,-32.0618219999999,4646,Ladner St,North of South St,2023/24,3502,4089,2176,18.8,21.6,10.8,No,118,Fremantle (C),7,Metropolitan,7318217,{5CD0B56A-3DE1-4427-9A09-4E638851CC6F}
115.843263,-32.048313,4678,Murdoch Dr,South of Leach Hwy,2023/24,16768,17793,14143,5.7,6.3,3.7,No,119,Melville (C),7,Metropolitan,7318232,{BCB01D29-081B-46C8-98B3-6D8F59A4F4F8}
115.890017,-32.030223,4717,Leach Hwy,West of Vahland Av,2021/22,35360,39985,26037,4.5,6.8,2.1,No,114,Canning (C),7,Metropolitan,7318244,{A88C2E84-4265-40F8-9F5E-22DB1D0EB0AD}
116.016176,-32.185059,4829,South Western Hwy,North of Eleventh Rd,2021/22,15888,16668,13148,10.2,11.7,7.5,No,101,Armadale (C),7,Metropolitan,7318266,{3341D4A0-1A3F-4E98-82E2-BC423D367B2F}
115.964447,-31.975816,4908,Kewdale Rd,South of Tonkin Hwy,2020/21,9280,15364,3446,32.7,35.6,23.8,No,113,Belmont (C),7,Metropolitan,7318286,{2B444AF4-F245-418C-A8D3-340E391A9B4E}
115.775324,-31.929347,4974,The Boulevard,West of Bold Park Dr,2023/24,14153,14546,12853,2.6,3,1.7,No,128,Cambridge (T),7,Metropolitan,7318301,{5653B307-7C3C-48B6-8CE4-704F69906E7E}
116.014538,-31.887627,5009,Lloyd St,South of Morrison Rd,2021/22,17134,18670,13509,6.8,7.4,5.1,No,109,Swan (C),7,Metropolitan,7318307,{1B5E7193-4B13-482C-81E9-9DBEC5DB1666}
115.873913,-31.8905349999999,5057,Morley Dr,East of Alexander Dr,2023/24,27977,28999,24932,2.6,3.2,1.3,No,125,Stirling (C),7,Metropolitan,7318311,{75E6E976-80D4-42DF-8E03-3A86FB863249}
115.877904,-31.848894,5068,Alexander Dr,North of Beach Rd,2024/25,29629,30848,24493,5.3,7,2.9,No,109,Swan (C),7,Metropolitan,7318316,{DC213A70-E5C2-4C0A-B50E-8143AE4FCB2E}
115.843856,-32.157977,50824,Hammond Rd,North of Russell Rd,2020/21,9466,10140,7764,6.4,7.2,4.3,No,103,Cockburn (C),7,Metropolitan,7317728,{2FC5C6FA-9378-4858-8CF7-4D97399CD368}
115.825225,-31.856573,5094,Wanneroo Rd,South of Camberwell Rd,2023/24,39221,42428,30803,3.6,4.3,1.8,No,125,Stirling (C),7,Metropolitan,7318325,{17CEB129-3252-4785-ABD8-B5DA75EA1472}
115.871527,-31.935439,51006,Beaufort St,North of Chelmsford Rd,2021/22,20292,19921,19843,6.4,7.4,4.5,No,130,Vincent (C),7,Metropolitan,7317767,{1F05CC63-64F1-4237-A37D-826CF1893C0C}
116.016775,-31.92556,5110,Roe Hwy,North of Kalamunda Rd,2023/24,46346,50310,37200,15.5,18.4,9.4,No,109,Swan (C),7,Metropolitan,7318331,{22E73DB4-2EED-42E0-9087-06628FA51714}
115.854734,-31.792387,51421,Ocean Reef Rd,West of Gnangara Rd,2024/25,35150,38346,26588,7.9,8.8,3.6,No,110,Wanneroo (C),7,Metropolitan,7317829,{2C6F054A-960C-406A-9878-88893CB78D7D}
116.036908,-31.71181,51648,Warbrook Rd,West of Great Northern Hwy,2024/25,820,877,679,9,10,7.2,No,109,Swan (C),7,Metropolitan,7317864,{7C838DF6-87D3-49F8-9596-0B0DA27A8535}
115.820733,-32.129677,51743,The Grange,South of Catspaw Av,2023/24,2731,2907,2282,5.7,6.3,4.1,No,103,Cockburn (C),7,Metropolitan,7317887,{A15CED88-F5FC-4883-A20A-8BC4A7DB3E0D}
115.8439,-31.940662,5176,Leederville Pde,West of Loftus St,2025/26,10042,10405,8796,4,4.3,3.3,No,130,Vincent (C),7,Metropolitan,7318341,{21F575A5-1857-423E-AC61-EE4627F1A1BC}
115.688942,-31.620443,51834,Marmion Av,South of Romeo Rd,2024/25,34960,37001,30344,5.4,6,2.9,No,110,Wanneroo (C),7,Metropolitan,7317922,{1543FAC9-CC55-4DEF-BA04-747C26E23888}
115.898677,-31.832657,51853,Hepburn Av,East of Marangaroo Rd,2020/21,31102,33228,25376,12.1,13.2,7,No,109,Swan (C),7,Metropolitan,7317934,{1B0DBFEC-4FDC-4A6E-84D3-C016307C070E}
115.973359,-31.9778679999999,51978,Tonkin Hwy,South of Kewdale Rd,2021/22,84899,94020,62098,12.7,14.3,6.6,Yes,113,Belmont (C),7,Metropolitan,7316577,{A51227C6-6380-433D-8507-8FA18371D6CE}
115.921651,-31.974732,52171,Galaxy Wy,South of Orrong Rd,2020/21,79,87,57,6.3,6.9,1.8,No,129,Victoria Park (T),7,Metropolitan,7316615,{EA2F8FBB-9189-4823-9E1D-D3ED61AFAAB8}
116.01538,-32.07318,52285,Mills Rd West,West of Tonkin Hwy,2021/22,6405,6898,5077,7.5,8.3,5.5,No,104,Gosnells (C),7,Metropolitan,7316637,{449DEB35-B821-4D6B-B638-1096E802771C}
115.929844,-32.048955,5239,High Rd,West of Nicholson Rd,2021/22,15017,15059,13855,4.7,5.5,3.3,No,114,Canning (C),7,Metropolitan,7318349,{4997C18F-60F6-4932-9FE9-34B1321FE779}
115.798258,-31.868645,5272,Erindale Rd,West of Mitchell Fwy,2024/25,15084,15481,12948,2.6,3.5,1.7,No,125,Stirling (C),7,Metropolitan,7318356,{8F38973A-4ED8-4315-B26E-7230B6A4FB7F}
115.7819,-32.253261,5299,Mandurah Rd,South of Office Rd,2023/24,15218,18586,8667,10.1,11.4,6.7,No,107,Rockingham (C),7,Metropolitan,7318365,{288F8626-4BF9-4136-A4BF-5E842C2E07ED}
115.916737,-31.8679809999999,53051,Tonkin Hwy NB off to Reid Hwy EB,North of On Ramp to Reid Hwy EB,2020/21,3699,3581,3777,8.7,10.6,5.3,No,109,Swan (C),7,Metropolitan,7316478,{5EB70603-5500-4260-B9D6-06FA733D3596}
115.987027,-31.698143,53241,Stock West Rd,East of Tonkin Hwy,2020/21,1585,1663,1368,21.4,26.5,9.4,No,109,Swan (C),7,Metropolitan,7316539,{1FC4F7AC-1ACF-41E9-AB11-F7CB452CFE82}
115.984822,-31.866553,53276,West Swan Rd,South of Reid Hwy,2024/25,12085,12343,10927,8.6,9.5,7,No,109,Swan (C),7,Metropolitan,7316061,{235ED3A9-4442-4BAE-9CD3-7EC98A3ED446}
115.739004,-32.0416309999999,53345,Port Beach Rd,South of North Mole Rd,2020/21,3802,4986,1537,51.5,56.5,27.7,No,118,Fremantle (C),7,Metropolitan,7316104,{E2716E95-96B5-4525-BE9F-A608FE3E5521}
115.903272,-31.9651079999999,53356,Cookham Rd,West of Gallipoli St,2020/21,199,191,199,4.5,5.8,2.5,No,129,Victoria Park (T),7,Metropolitan,7316114,{4177DF82-13DC-4297-A468-5D5DC41E9FD8}
115.90693,-31.970627,53369,Goddard St,South of Howick St,2020/21,1966,2230,1383,2.7,3.4,1.2,No,129,Victoria Park (T),7,Metropolitan,7316124,{786CB8FB-38F9-4A43-89BB-8DA8B8173F8F}
115.91243,-31.9686619999999,53381,Rayment St,South of Custance St,2020/21,175,180,157,9.7,10.6,7.6,No,129,Victoria Park (T),7,Metropolitan,7316133,{8F170932-3C1B-44E4-9DCE-07F378392DBE}
115.761511,-31.81665,5344,Hepburn Av,East of Marmion Av,2020/21,29012,26768,27218,3.9,5.1,3,No,131,Joondalup (C),7,Metropolitan,7318383,{20F39230-991E-435B-80D9-1FB39188C0CA}
115.895493,-31.9254079999999,53502,Railway Pde (Mt Lawley Bassendean),West of Crawford Rd,2021/22,13120,13889,10933,4.4,4.9,3.2,No,112,Bayswater (C),7,Metropolitan,7316155,{91B2921F-A17E-494A-BBA4-EBB4DCDAFC0D}
116.013245,-32.1549439999999,53596,Commerce Av,North of William St,2022/23,4985,5589,3577,8,8.7,6,No,101,Armadale (C),7,Metropolitan,7316181,{6633B0FC-0263-4F32-A96C-7644BED3566B}
115.749517,-32.0509499999999,53610,Adelaide St,South of Parry St,2023/24,3904,3885,3793,13.5,15.6,9.3,No,118,Fremantle (C),7,Metropolitan,7316193,{28E2774A-9D28-4EBF-9288-88EE1BB602C2}
115.934007,-31.9639089999999,53621,Wright St,South of Robinson Av,2023/24,10067,10439,8956,6.6,7.8,4,No,113,Belmont (C),7,Metropolitan,7316202,{E0097DCB-7760-4209-BA09-B81C1190E70A}
115.754517,-31.7788629999999,5382,Marmion Av,North of Mullaloo Dr,2024/25,25684,27436,21279,3.1,3.5,2,No,131,Joondalup (C),7,Metropolitan,7318391,{E23DBB5B-C440-4D79-8E92-ADCC9B4FEA17}
116.013135,-32.172746,53950,Keates Rd,North of Stone St,2023/24,461,643,125,18.9,19.6,12,No,101,Armadale (C),7,Metropolitan,7316414,{4EC33D76-0CF5-479C-B085-F8639B07C076}
115.873839,-31.9524929999999,5468,Royal St,West of Brook St,2025/26,3377,4076,2050,12.2,11.8,13.4,No,124,Perth (C),7,Metropolitan,7318406,{22B27A13-BEB0-4E6C-8794-7A06B3B22549}
115.628148,-31.544092,5530,Two Rocks Rd,North of Yanchep Beach Rd,2024/25,8543,8944,7647,9.2,9.9,6.7,No,110,Wanneroo (C),7,Metropolitan,7318422,{B0B7FC2B-FBEA-4A5B-B41C-372D1BBCD85E}
115.930835,-32.016194,5632,Albany Hwy,North of Wharf St,2025/26,44008,46839,35167,7.7,9.5,5.1,No,114,Canning (C),7,Metropolitan,7318438,{CD9ADB0B-5E93-43B8-893A-0FA1F34270A8}
115.858785,-32.076182,5747,Findlay Rd,North of Farrington Rd,2023/24,4528,4589,4156,3.1,3.8,1.9,No,119,Melville (C),7,Metropolitan,7318452,{947A7BAE-AE36-4CE4-A0E5-A47D02B96FB5}
115.798297,-31.8824319999999,5804,Karrinyup Rd,West of Mitchell Fwy,2025/26,40779,41268,37244,5.9,6.7,4.3,No,125,Stirling (C),7,Metropolitan,7318467,{82303E01-D529-4840-90FA-450BCBAA4FF2}
115.752957,-32.032839,5917,Stirling Hwy,North of Queen Victoria St,2020/21,29294,30908,24993,7.4,8.7,4.3,No,118,Fremantle (C),7,Metropolitan,7318480,{47591E3A-03EF-49C9-8F49-2E02D571CB0E}
115.882688,-32.0592859999999,5990,Burrendah Bvd,South of Pinetree Gully Rd,2023/24,6041,6018,5851,8.9,9.6,7.5,No,114,Canning (C),7,Metropolitan,7318491,{9258DC0C-7AA6-4405-B5BE-48575F850C87}
115.915897,-32.017327,6058,Braibrise Rd,South of Leach Hwy,2023/24,699,771,515,5,5.7,1.9,No,114,Canning (C),7,Metropolitan,7318508,{E0CB4C23-3D5D-4483-9D29-A171F8006055}
116.018991,-31.871483,6172,Toodyay Rd,East of Lloyd St,2021/22,5832,6463,4371,8.9,9.6,6.7,No,109,Swan (C),7,Metropolitan,7318528,{CB301FEC-BD0C-4927-AE28-E9F7E647BB02}
115.79106,-31.9562599999999,6280,Brockway Rd,North of Lemnos St,2023/24,10066,11235,7305,2.5,3,1.3,No,122,Nedlands (C),7,Metropolitan,7318541,{2EA0B994-CF9F-422E-9A0F-F9834864058B}
115.784058,-32.102475,6381,Spearwood Av,East of Rockingham Rd,2023/24,11134,11444,9964,8,9.3,5.8,No,103,Cockburn (C),7,Metropolitan,7318560,{F3DB6086-41B0-4134-945E-E1213149B901}
116.026351,-31.885893,6481,Morrison Rd,West of Roe Hwy,2023/24,17192,18219,14498,5.6,6.3,4,No,109,Swan (C),7,Metropolitan,7318575,{AEAEDD86-1F8F-4B08-82C9-89BA2DE07342}
115.765529,-31.7394459999999,6640,Shenton Av,East of Joondalup Dr,2024/25,17509,18602,14823,4.2,4.5,3.3,No,131,Joondalup (C),7,Metropolitan,7318589,{62772EF6-8BCC-4809-BD11-05C06B822D03}
115.92479,-31.859879,6726,Beechboro Rd North,North of Reid Hwy,2024/25,14923,15376,12820,3.7,4.4,2.4,No,109,Swan (C),7,Metropolitan,7316746,{7746FDA5-06A5-466C-A22D-25086741FEAB}
115.715847,-31.6742659999999,6747,Hester Av,East of Marmion Av,2024/25,16574,17487,14594,4.3,4.7,2.3,No,110,Wanneroo (C),7,Metropolitan,7316761,{4B96BCEF-7A72-41BA-9CE2-4B32F2C8D683}
115.742117,-31.723282,6786,Connolly Dr,North of Burns Beach Rd,2023/24,17048,17990,14549,3.5,3.9,2.6,No,131,Joondalup (C),7,Metropolitan,7316775,{9A3FB21A-6146-42A2-9B80-9835E9E7E326}
116.033172,-31.664116,6846,Chittering Rd,East of Great Northern Hwy,2024/25,7196,7544,6231,7.7,8.4,6.3,No,109,Swan (C),7,Metropolitan,7316790,{BA53A83B-722D-4421-8213-1F34E9BD00DC}
115.848414,-32.2096589999999,7003,Anketell Rd,West of Kwinana Fwy,2023/24,18972,22122,12831,15.2,17.2,9.6,No,105,Kwinana (C),7,Metropolitan,7316811,{D991B7D8-DFAA-4172-9741-F381CFEF1359}
115.816397,-32.096895,7038,North Lake Rd,South of Phoenix Rd,2023/24,27480,30104,20892,9.6,11,5.4,No,103,Cockburn (C),7,Metropolitan,7316826,{C44BA388-E5DF-4119-A935-EC4F2ABABA95}
115.774475,-32.407341,7104,Mandurah Rd,North of Dampier Rd,2020/21,23353,25278,18797,8.8,9.8,6.7,No,107,Rockingham (C),7,Metropolitan,7316844,{37C618B0-1D5F-4778-B7DB-FC4255A135AF}
115.804559,-32.329689,7128,Eighty Rd,South of Safety Bay Rd,2020/21,2394,2661,1759,7.9,8.3,7,No,107,Rockingham (C),7,Metropolitan,7316855,{63949931-99F0-433D-A245-DC650A6A17CF}
115.891702,-31.951362,7643,Victoria Park Dr,South of Graham Farmer Fwy,2021/22,11882,11036,12790,3.7,4.3,2.7,No,129,Victoria Park (T),7,Metropolitan,7316873,{3D58D045-81BF-4209-88EF-63F9015E1DA7}
116.04862,-31.8548979999999,7700,Toodyay Rd,West of Campersic Rd,2023/24,11752,12301,10200,9,11.1,4.2,No,109,Swan (C),7,Metropolitan,7316888,{12A741D2-1B65-4EBF-ABAB-C67573CD747D}
115.974317,-31.882652,7728,West Swan Rd,North of Harper St,2023/24,15473,16720,12450,4.4,5.2,2.4,No,109,Swan (C),7,Metropolitan,7316899,{4B623C1D-CBD4-4631-A0D6-5BEA26747E88}
115.953622,-31.9954499999999,7748,Orrong Rd,West of Kurnall Rd,2023/24,26016,28582,19680,12.7,15.3,6,No,114,Canning (C),7,Metropolitan,7316910,{0454E136-9B50-4B41-9A06-33F645A782ED}
115.778018,-31.9545429999999,7765,Stephenson Av,North of Montgomery Av,2023/24,11266,11762,9775,4.5,5.1,3.4,No,122,Nedlands (C),7,Metropolitan,7316920,{C1C2B4CA-59F9-4005-880B-5D09E1D620B5}
115.81628,-31.956333,7784,Nicholson Rd (Subiaco),East of Derby Rd,2023/24,8254,8824,6670,4.5,5.5,2.2,No,127,Subiaco (C),7,Metropolitan,7316930,{9DF09753-4C9F-43CC-B74F-7668A55DF13A}
115.748158,-31.8076829999999,7800,Flinders Av,East of Murray Dr,2023/24,4617,4517,4638,1.9,2.3,1,No,131,Joondalup (C),7,Metropolitan,7316940,{AE60B5F7-EF41-4E71-9B6D-E0F09A12BDFD}
116.012992,-31.7817279999999,7974,Millhouse Rd,North of West Swan Rd,2020/21,8940,9712,7542,9.2,10,8.3,No,109,Swan (C),7,Metropolitan,7316951,{CC1405DE-87CA-47B7-B1BD-BB092DF9953E}
115.85578,-32.255232,8229,Mortimer Rd,East of Kwinana Fwy,2023/24,6513,6859,5615,5.5,5.9,4.2,No,105,Kwinana (C),7,Metropolitan,7316976,{077FF80E-8890-45DE-B23D-F29E11ABC6DA}
115.786138,-32.2178719999999,8275,Rockingham Rd,South of Anketell Rd,2023/24,33351,39203,19842,10.5,11.3,7.3,No,105,Kwinana (C),7,Metropolitan,7316995,{23EF5A68-ED16-4633-8293-A68476CC1F88}
115.775371,-31.756096,8326,Lakeside Dr,East of Joondalup Dr (South),2021/22,7978,8977,5673,5.3,5.8,4.1,No,131,Joondalup (C),7,Metropolitan,7317009,{2FC48E59-F06E-4E4B-A0C3-D0F76FEB4948}
115.849827,-31.9454919999999,8366,Mitchell Fwy (Northbound) off to Charles St,NB S of Graham Farmer Fwy (Eastbound) On Ramp,2021/22,28490,29117,25731,6.6,7.7,4.1,No,124,Perth (C),7,Metropolitan,7317022,{88F1805E-D35B-43C9-95E5-91734AD9B1A0}
115.662279,-31.474549,8417,Breakwater Dr,West of Wanneroo Rd,2023/24,1838,1905,1638,8,9.1,5.4,No,110,Wanneroo (C),7,Metropolitan,7317034,{20CEF0F9-BFCA-4942-BA2D-8A19F67FDA20}
115.744884,-31.7277129999999,8430,Connolly Dr,South of Burns Beach Rd,2024/25,10458,11448,8021,1.8,1.9,1.4,No,131,Joondalup (C),7,Metropolitan,7317044,{A62793EE-3CAA-4698-BC94-628DD79E08E2}
115.82867,-32.3172269999999,8447,Kwinana Fwy,SB S of Mundijong Rd,2021/22,35813,36417,32687,9.1,10.9,5.3,No,107,Rockingham (C),7,Metropolitan,7317055,{35380C77-7EDB-4DC7-B076-9077EFEAB373}
115.97275,-32.2054249999999,8468,Hopkinson Rd,North of Thomas Rd,2023/24,1477,1509,1306,7.4,10.2,3.8,No,108,Serpentine - Jarrahdale,7,Metropolitan,7317065,{8534EA19-1F1A-4035-B4D7-0C5EDBEBE37B}
115.587654,-31.317852,16029,Indian Ocean Dr,North of Gingin Brook Rd,2022/23,4187,3903,4920,11,13,6.4,No,507,Gingin,14,Mid West-Gascoyne,7317255,{D15D87F8-6656-4C94-B671-EC4E34EFA0C4}
113.698273,-24.863303,16618,Robinson St,West of North West Coastal Hwy,2024/25,3299,3457,2874,10.9,11.3,9.6,No,803,Carnarvon,14,Mid West-Gascoyne,7317324,{7DF4D2A9-5DB3-4F03-B3B5-DD851837AF0E}
114.621426,-28.8027299999999,18134,Brand Hwy,South of Broadhead Av,2021/22,14136,14607,12868,7.1,7.4,6.4,No,505,Greater Geraldton (C),14,Mid West-Gascoyne,7317428,{EF9A5B05-151B-47CD-9C1D-25090B7D83B7}
114.985691,-29.549721,18331,Indian Ocean Dr,South of Brand Hwy,2025/26,1057,1039,1102,19.4,20.2,17.2,Yes,508,Irwin,14,Mid West-Gascoyne,7317440,{4855C162-35F4-41EC-BA03-91525198ACB5}
115.801411,-28.870549,18411,Mullewa Wubin Rd,North of Arrinooka Rd,2023/24,42,50,25,40.5,46,20,No,511,Morawa,14,Mid West-Gascoyne,7317450,{620FC154-3916-4C07-BAF2-FE41BE9464DC}
114.725145,-28.852051,18664,Edward Rd,North of Bootenal Rd,2022/23,1521,1650,1188,18.5,21.4,12,No,505,Greater Geraldton (C),14,Mid West-Gascoyne,7317464,{9FE2390B-CF01-4964-B16A-1B09EEBE3F85}
114.624823,-28.7614139999999,18718,North West Coastal Hwy,North of Second St,2021/22,15034,15806,12638,10.3,11.3,8.2,No,505,Greater Geraldton (C),14,Mid West-Gascoyne,7317474,{97487868-9F56-4AD6-B5BD-688D54279081}
116.029745,-29.8961019999999,18920,Midlands Rd,South of Coorow Green Head Rd,2023/24,386,419,309,33.4,36.5,22.7,No,519,Coorow,14,Mid West-Gascoyne,7317484,{1C75A384-8BB8-4689-8A11-5062C963BDF1}
118.48888,-26.60137,19038,Great Northern Hwy,North of Norie Rd,2020/21,877,886,852,45.7,45.3,46.1,No,703,Meekatharra,14,Mid West-Gascoyne,7317494,{83DAF453-5A48-4FB8-B812-9FAA582E7C7F}
113.67861,-24.86918,19366,Robinson St,East of Marmion St,2024/25,4226,4532,3407,11.7,12.1,10.2,No,803,Carnarvon,14,Mid West-Gascoyne,7317556,{DFE9E37F-4901-4A58-A85D-CE91BCDAAD0E}
115.383839,-29.188374,2901,Midlands Rd,West of Mingenew Mullewa Rd,2024/25,530,548,486,36.8,39.4,29.8,Yes,509,Mingenew,14,Mid West-Gascoyne,7318980,{0C704E1E-20EA-40F1-A931-435E098CDE66}
113.706383,-24.885733,50519,North West Coastal Hwy,North of HMAS Sydney II Memorial Av,2025/26,792,786,807,39.4,40.1,37.4,No,803,Carnarvon,14,Mid West-Gascoyne,7317650,{60913BE5-3715-4713-961E-417BBA0BDFBF}
114.452785,-28.29365,50708,Port Gregory Rd,West of Northampton,2025/26,748,773,687,27.5,29,23.7,Yes,513,Northampton,14,Mid West-Gascoyne,7317703,{8251113F-4C1A-441D-91E3-E7DF4A3B0E11}
115.21438,-30.7899899999999,50972,Indian Ocean Dr,North of Wedge Island Rd,2025/26,2186,2026,2605,22.4,22.8,21.3,No,504,Dandaragan,14,Mid West-Gascoyne,7317764,{459FF71A-2963-4701-99A7-1DE2A92D9B05}
114.625684,-28.7158019999999,51776,Chapman Rd,South of Sail Bvd,2024/25,6696,6968,6030,19.2,19.8,17.7,No,505,Greater Geraldton (C),14,Mid West-Gascoyne,7317909,{2B516C94-5FC8-4A06-B0F3-8CC872D60299}
114.70963,-28.816948,52037,Arthur Rd,South of Brice Rd,2023/24,201,248,103,45.8,49.6,31.1,No,505,Greater Geraldton (C),14,Mid West-Gascoyne,7316589,{37763843-529A-4E9B-9349-D7CF8447759F}
114.983462,-29.9406299999999,52328,Indian Ocean Dr,North of Rudduck St,2025/26,1309,1286,1362,25.3,25.9,23.8,No,519,Coorow,14,Mid West-Gascoyne,7316649,{61ABE92E-1639-4F5A-88B9-DB6886C6B755}
115.448774,-29.1931739999999,52993,Midlands Rd,North of View St,2023/24,393,452,262,33.6,35.8,26,No,509,Mingenew,14,Mid West-Gascoyne,7316470,{C0DF47DF-75D6-486C-B1C6-9F597B22B91F}
114.675997,-28.8013089999999,53488,Edward Rd ,South of Geraldton Mt Magnet Rd,2024/25,3380,3888,2252,24.2,25.2,21.2,No,505,Greater Geraldton (C),14,Mid West-Gascoyne,7316149,{8F80FCCC-3361-414C-88CE-527BE2DCDE09}
115.09291,-29.555675,53710,Brand Hwy,South of Indian Ocean Dr,2025/26,1655,1656,1650,32.9,36.2,24.9,Yes,508,Irwin,14,Mid West-Gascoyne,7316261,{C61D24BE-CFCC-4DAA-A9D4-B0469DAB0FE1}
114.654958,-28.431392,53972,Isseka Rd ,East of Percy Rd,2024/25,33,35,28,30.3,25.7,35.7,No,513,Northampton,14,Mid West-Gascoyne,7316424,{EE3688C4-5842-45E4-9A7C-886AD0188058}
113.843258,-24.831783,54041,Carnarvon Mullewa Rd,West of Gascoyne Junction,2025/26,49,44,61,32.7,34.1,32.8,No,805,Upper Gascoyne,14,Mid West-Gascoyne,7316462,{1E63B087-75D5-48CE-B8AA-9346E6B06353}
119.008325,-20.36623,16283,Great Northern Hwy,East of Marble Bar Rd,2023/24,565,578,531,32.2,33.6,29.6,No,813,Port Hedland (T),11,Pilbara,7317284,{B5E62103-7C0D-4AE2-BD5F-5ADB5D28C21C}
117.18715,-20.628325,16449,Point Samson Roebourne Rd,West of Honeymoon Rd,2024/25,1096,1038,1172,12,13.5,9.6,No,814,Karratha (C),11,Pilbara,7317296,{8930040A-59C0-4A43-AE10-4AC60307E358}
115.49166,-22.550395,16602,North West Coastal Hwy,South of Nanutarra Rd,2024/25,1126,997,1290,41.2,41.5,40.7,No,811,Ashburton,11,Pilbara,7317316,{243CDBB3-8409-45A9-8C52-2590632A692B}
117.779856,-22.697733,19530,Mine Rd,South of Bingarn Rd,2023/24,3368,3616,2790,20.4,20.2,21.1,No,811,Ashburton,11,Pilbara,7317600,{81E9F982-5236-40B7-AB60-F146EDFFDAF5}
116.77591,-20.612185,50109,Burrup Rd,North of Village Rd,2023/24,1877,2056,1372,27.3,27.3,27.5,No,814,Karratha (C),11,Pilbara,7317630,{77D09315-B9D9-44CB-827B-4A59F3D70580}
116.813186,-20.7368349999999,50626,Bayview Rd,East of Bathgate Rd,2024/25,4936,5229,4179,9.7,10.3,8.3,No,814,Karratha (C),11,Pilbara,7317687,{91D9FB4C-DD1F-4652-8A7F-D49235DF3239}
119.964012,-22.632602,51796,Marble Bar Rd,North of Fortescue River,2025/26,358,379,307,50.6,49.6,52.4,Yes,812,East Pilbara,11,Pilbara,7317915,{67575665-E2D2-4124-A7FB-AA868C0A5907}
119.79092,-23.389962,53570,Great Northern Hwy,North of Newman Airport,2024/25,2646,2911,1985,35.9,34.9,39.5,Yes,812,East Pilbara,11,Pilbara,7316164,{BB7FB226-FA75-4254-BDAB-F6B0464C8443}
118.596559,-20.3635659999999,53834,Great Northern Hwy,East of Pinga St,2023/24,3751,4044,2968,33.5,31.8,37.4,No,813,Port Hedland (T),11,Pilbara,7316343,{8FDB1842-0775-4712-9966-AE5E0C526DA9}
118.420207,-20.597687,8546,North West Coastal Hwy,West of Great Northern Hwy,2025/26,666,673,648,42.5,44.4,38,Yes,813,Port Hedland (T),11,Pilbara,7317071,{A7CBDF3C-FAEA-4BDB-AEDA-6267E2BEDEEB}
115.801382,-32.5680399999999,15009,Pinjarra Rd,West of Kwinana Fwy,2021/22,15088,15779,12958,7.9,8.8,5.7,No,215,Murray,2,South West,7317090,{DC957F4D-263E-4F2C-9D8F-722550AAA3A3}
115.700765,-33.405203,15056,South Western Hwy,North of Emmett Rd,2022/23,7366,8107,5658,14.3,16.1,8.8,No,206,Capel,2,South West,7317102,{244D78F9-E453-4BC1-85C1-4C89F1EDDDA4}
115.228678,-33.6891029999999,15081,Bussell Hwy,North of Marbellup Rd,2025/26,8110,8488,7046,18.8,21.4,12.8,No,205,Busselton (C),2,South West,7317113,{568CC426-F1FE-43E7-ADD0-0825DFC52F6F}
115.258235,-33.667977,15130,Bussell Hwy,South of Caves Rd (Abbey),2024/25,10734,11175,9635,11.5,12.6,8.7,No,205,Busselton (C),2,South West,7317123,{4958F13C-EBFD-45CB-88F4-764F1E083AB2}
115.780819,-33.398673,15179,Ferguson Rd,East of Waterloo Rd,2024/25,1934,2060,1626,16.2,20.2,5.7,No,208,Dardanup,2,South West,7317133,{5F822ECB-02F7-4A5E-8B14-CB68029C31F9}
115.141925,-34.2916739999999,15249,Bussell Hwy,South of Caves Rd (Augusta),2025/26,2830,2967,2502,15.7,17.4,11.1,No,201,Augusta - Margaret River,2,South West,7317143,{70FA859D-E873-47C7-ACF6-AE7AAFA28A8C}
115.776451,-34.3292059999999,15286,Vasse Hwy,South of Stewart Rd,2025/26,388,366,425,19.3,21,16,No,216,Nannup,2,South West,7317153,{5BB3270D-1DAA-4108-82A2-70E874607CCC}
115.097139,-34.210134,15521,Bussell Hwy,North of Twenty Four Rd,2020/21,1856,1940,1604,10.9,12.5,7.4,No,201,Augusta - Margaret River,2,South West,7317203,{3998AAFC-3DCD-4724-B52A-EE4A3A3A3D1D}
115.770064,-32.507694,16191,Gordon Rd,West of Lakes Rd,2022/23,7785,8567,5859,10.4,11.9,6.6,No,212,Mandurah (C),2,South West,7317275,{4F705485-E67C-4E52-82CD-070200990309}
115.81507,-32.5713,19126,Pinjarra Rd,At Forrest Hwy Overpass,2021/22,21506,22495,18148,7.5,9,5.4,No,215,Murray,2,South West,7317512,{3863EBB2-470F-4857-A033-B3E7284FAFE4}
115.72482,-33.3677099999999,19222,Martin Pelusey Rd,North of Boyannup Picton Rd,2020/21,3754,3834,3424,13.6,17.3,8.4,No,208,Dardanup,2,South West,7317541,{3E8446D2-D9AD-4437-80C6-833FCCB7FE94}
115.263531,-33.6759999999999,19461,Busselton Bypa,East of Bussell Hwy,2024/25,17356,18544,14537,12.5,13.9,8.9,No,205,Busselton (C),2,South West,7317582,{0F60AB05-7055-46C1-8438-23A573FDE3B3}
115.696901,-33.321028,19574,Hale St,South of Waratah Tce,2024/25,539,568,466,12.4,13.6,9.4,No,208,Dardanup,2,South West,7317613,{E9BCD586-831D-4832-8DD8-3A5C9C242711}
115.706343,-32.8695279999999,50661,Old Coast Rd,Between Knox Rd Acc,2022/23,1670,1576,1906,8.9,9.8,6.3,No,209,Waroona,2,South West,7317697,{78695BC1-E334-41CE-807B-4F2602A398C6}
115.646082,-33.37898,50871,Bussell Hwy,North of Centenary Rd,2023/24,26340,27831,22644,10.5,11.7,7.5,No,204,Bunbury (C),2,South West,7317735,{4DEBB282-858B-4E70-AE92-9DAFA9EDC5F6}
115.577012,-33.504104,51051,Bussell Hwy,North of Roberts Rd,2023/24,16122,16808,14440,17,18.6,12.3,No,206,Capel,2,South West,7317781,{83F16F7F-E81C-43A9-9DC9-7A74839BFAFF}
115.204879,-33.6521099999999,51133,Caves Rd,South of Siesta Park Rd,2022/23,9982,9785,9836,9.9,11.7,7.1,No,205,Busselton (C),2,South West,7317802,{2216476C-49EF-4C76-9C8B-A096E4FDA811}
115.658838,-33.4055079999999,51636,Allenville Rd,North of Hasties Rd,2021/22,2447,2745,1756,24.6,27.5,16.7,No,206,Capel,2,South West,7317858,{DF7E61A0-7A23-4515-A9C7-968F008A2348}
115.71585,-33.2661689999999,51775,Cathedral Av,North of Elinor Bell Rd,2022/23,1301,1291,1346,7.5,8.1,6.5,No,211,Harvey,2,South West,7317908,{CA3F3A37-867C-4C38-8183-E5249AA833BF}
115.586253,-33.4558549999999,51972,Minninup Rd,North of Rich Rd,2021/22,161,165,147,11.2,12.7,8.2,No,206,Capel,2,South West,7316572,{3E5D08E0-635D-4A3E-A789-705B81194EB6}
115.91352,-33.4665909999999,52106,Ferguson Rd,East of Wellington Mill Rd,2024/25,521,486,605,11.5,13,8.6,No,208,Dardanup,2,South West,7316601,{D53E7523-9FE1-4708-BE6D-B917E3C51FFE}
115.749828,-32.524932,52417,Reynolds Av,North of Rubida Cl,2022/23,869,930,715,3.5,3.7,2.8,No,212,Mandurah (C),2,South West,7316674,{68601D4A-C98F-4A79-A044-DB33DB7E6E9E}
116.30892,-33.3847249999999,52703,Coalfields Rd,West of Centaur Rd,2024/25,684,692,655,35.4,38.3,29.2,No,207,Collie,2,South West,7316707,{F2236462-00E7-42D6-A990-A707566FBA9A}
115.100612,-33.853732,52860,Bussell Hwy,South of Memorial Dr,2021/22,8585,9239,7049,13,14.2,9.7,No,201,Augusta - Margaret River,2,South West,7316731,{9BE5D002-4993-4674-A148-6993C34E4EE5}
115.591391,-33.470367,53165,Bourne Lp,South of Fishermans Rd,2020/21,44,46,41,18.2,19.6,14.6,No,206,Capel,2,South West,7316497,{549700C6-A3E8-4820-A163-5E69F90CA265}
115.635159,-33.4163339999999,53646,Ducane Rd,East of Hampstead St,2021/22,59,63,46,10.2,9.5,8.7,No,206,Capel,2,South West,7316219,{2AF164AC-EC67-4D17-BB8B-099DB119AC76}
115.623649,-33.4053729999999,53667,Wake Dr,West of Daleyup Bvd,2021/22,707,838,428,9.2,9.8,7.5,No,206,Capel,2,South West,7316234,{3DC50424-360A-4318-A427-4E79C0C9EF0E}
115.734681,-33.410831,53745,Padbury Rd,North of Garvey Rd,2024/25,176,185,155,9.7,11.9,7.1,No,208,Dardanup,2,South West,7316274,{6CB7F620-B9C7-4B93-A7B1-D4CDC713B9D1}
115.7567,-33.4006029999999,53756,Hayward St,East of Little St,2022/23,621,708,424,6.9,7.9,4.2,No,208,Dardanup,2,South West,7316284,{29BECB3B-59BB-40FE-B247-4A67F16C91BC}
116.266146,-32.8086699999999,53769,Pinjarra Williams Rd,East of Dwellingup,2025/26,1159,1212,1027,16.9,18,13.2,Yes,214,Boddington,2,South West,7316295,{8B6128AF-8783-48B6-9B18-E156545AD9B9}
115.725052,-33.3180359999999,53806,Edith Cowan Av,South of Murdoch Cr,2024/25,2282,2491,1756,3.1,3.7,1.7,No,208,Dardanup,2,South West,7316324,{452B2080-280E-4852-B3DD-A0DEEB8C3CCE}
115.709863,-33.3225389999999,53832,Pecan Ln,East of Fuschia Gdns,2022/23,110,113,102,6.4,7.1,6.9,No,208,Dardanup,2,South West,7316341,{9F66F5EE-E7D5-4A64-A29A-6369D7893A8F}
115.736526,-33.5079739999999,53858,South Western Hwy,North of Shenton Rd,2023/24,7309,7904,5903,23.7,25.9,17.6,No,206,Capel,2,South West,7316360,{87D427C1-4374-4204-B3BD-9CA1A9D78E73}
115.833745,-33.359294,53872,Henty Rd,North of Giumelli Rd,2023/24,249,226,312,25.7,26.5,22.8,No,208,Dardanup,2,South West,7316371,{CB046607-7127-4F01-8717-A2EC7050451E}
115.718489,-33.356441,53899,Harris Rd,West of Golding Cr,2023/24,1456,1891,591,42.9,44.5,34.7,No,208,Dardanup,2,South West,7316381,{6FB1C3E8-B8B4-4255-B7BA-5361A5D34205}
115.793532,-33.503542,53913,Joshua Creek Rd,West of Crooked Brook Rd,2023/24,40,43,32,45,44.2,43.8,No,208,Dardanup,2,South West,7316391,{D1FE181E-FDF0-4E66-B895-68C0AEA57A22}
115.917786,-33.469455,53925,South Rd,East of Ferguson Rd,2023/24,44,49,33,9.1,8.2,9.1,No,208,Dardanup,2,South West,7316402,{83968C22-6DE1-4446-A52B-F64D6BD89F55}
115.704203,-33.3212839999999,53983,Diadem St ,West of Millard St,2024/25,367,470,184,9,7.2,14.1,No,208,Dardanup,2,South West,7316432,{E17A4D25-1112-44F9-8880-3B7FC1978923}
115.730076,-33.2996929999999,54009,Eaton Dr,North of Jindalee Way,2024/25,9870,10232,8945,3.2,3.3,3.1,No,208,Dardanup,2,South West,7316448,{ECCCFA75-061F-45A5-BBCC-3BAAF0169D55}
115.737125,-33.306103,54039,Millbridge Bvd,South of Braddon Way,2025/26,992,1029,882,23.3,25,19.5,No,208,Dardanup,2,South West,7316461,{91FD9300-D3D9-40F8-8C5B-FAE192702DAA}
115.732541,-32.5223599999999,6553,Anstruther Rd,North of Lefroy Rd,2020/21,6255,7027,4443,5,5.3,4.1,No,212,Mandurah (C),2,South West,7318586,{C7B234E2-FCCE-4EB5-933F-8FE8E1DFC33E}
118.457131,-33.100763,15571,Stubbs St,West of Bishop St,2022/23,786,884,533,30.2,33.4,22,No,311,Lake Grace,8,Wheatbelt,7317214,{7C973755-88B0-48E1-971C-5C5B8DC1B0A3}
116.69006,-31.64849,15942,Yilgarn Av,North of York Rd,2020/21,1465,1655,978,18.6,20.4,14.3,No,421,Northam,8,Wheatbelt,7317240,{A10D47DA-BFC0-4D05-BFC7-F40F687BC015}
116.44005,-31.06263,16011,Bindi Bindi Toodyay Rd,North of Calingiri New Norcia Rd,2020/21,143,159,109,18.9,21.4,9.2,No,517,Victoria Plains,8,Wheatbelt,7317250,{B2A23AAC-2559-40C0-BDA3-269CEB19C76F}
116.058185,-30.933555,16094,Gillingarra New Norcia Rd,East of Bindoon Moora Rd,2024/25,89,98,62,32.6,35.7,21,No,517,Victoria Plains,8,Wheatbelt,7317262,{2BD67898-7626-485B-AA45-F2E7D5D0EB67}
117.50002,-30.46327,16151,Koorda Mollerin Rd,South of Burrakin Wialki Rd,2020/21,20,22,14,35,31.8,28.6,No,411,Koorda,8,Wheatbelt,7317273,{DF1BE270-95C9-4DF4-8D8C-C2A4F4EC512F}
116.08486,-31.31575,16815,Bindoon Moora Rd,North of Mooliabeenee Rd,2020/21,616,665,499,21.4,24.7,12.6,No,502,Chittering,8,Wheatbelt,7317341,{3B095D0B-3A78-4E46-A1E4-C94E6F655220}
117.352332,-32.335796,17117,Brookton Corrigin Rd,West of Dangin Mears Rd,2021/22,608,669,441,32.1,39.2,15.4,No,402,Brookton,8,Wheatbelt,7317356,{EC8052FD-7940-4130-83F7-1297CABE8566}
118.425875,-32.5138029999999,17240,Kondinin Hyden Rd,West of Thompson Rd,2021/22,355,359,320,29.3,34.5,19.1,No,410,Kondinin,8,Wheatbelt,7317366,{9191E429-42B8-4F36-A829-84AF900244F5}
117.178572,-32.9391859999999,17360,Federal St,North of Herald St,2020/21,2127,2474,1319,9.9,11.1,6.5,No,418,Narrogin,8,Wheatbelt,7317376,{B02EDCFF-9397-4764-9314-CFADEEB5CFAA}
117.35443,-33.3048899999999,17560,Tudhoe St,East of Jaloran Rd,2022/23,885,1095,455,29.5,29.9,28.4,No,315,Wagin,8,Wheatbelt,7317386,{0B72E190-51EB-4720-9D0D-5C981CE0A9B8}
117.00409,-31.6431299999999,17624,Great Eastern Hwy,South of Vanzetti St,2020/21,2454,2579,2153,32.1,33.9,27.1,No,406,Cunderdin,8,Wheatbelt,7317396,{EC843A53-D0CF-487E-9878-AA34DCF14440}
116.005844,-30.6231529999999,17660,Tootra St,East of Midlands Rd,2020/21,223,256,149,39.5,41,32.9,No,510,Moora,8,Wheatbelt,7317406,{ED6BCCD6-CF22-4675-9F9B-5ABEDBCD1092}
116.451733,-31.094375,17802,Bindi Bindi Toodyay Rd,East of Wongan Hills Calingiri West Rd,2022/23,300,326,234,23.3,27,14.1,No,517,Victoria Plains,8,Wheatbelt,7317416,{991E722C-6D62-444C-889E-AA19E4CA1D30}
117.878307,-32.790672,18626,Rabbit Proof Fence Rd,South of Williams Kondinin Rd,2022/23,92,105,62,34.8,39,22.6,No,429,Wickepin,8,Wheatbelt,7317458,{99D21B43-774F-48AA-9A17-5A1C0B9DA80B}
116.059408,-30.3065989999999,19526,Midlands Rd,South of Ellis Rd,2022/23,513,540,444,15.8,18.5,9.2,No,510,Moora,8,Wheatbelt,7317598,{5CA3DE93-A196-4C13-8593-439262AABC06}
118.340236,-32.0520319999999,50408,Bruce Rock Narembeen Rd,North of Dayman Rd,2020/21,148,158,116,15.5,17.1,10.3,No,417,Narembeen,8,Wheatbelt,7317642,{5EC52F08-0AF0-4851-96D0-31C2FC0EDBED}
116.300915,-31.705497,51573,Toodyay Rd,West of Dryandra Rd,2021/22,2871,2791,2954,20.9,23.8,15.2,No,426,Toodyay,8,Wheatbelt,7317849,{C2010BE0-5DD2-4F26-B2CF-BCFBB5AA6434}
117.71538,-31.604979,52515,Bencubbin Kellerberrin Rd,North of Goldfields Rd,2022/23,130,142,102,26.9,28.2,22.5,No,409,Kellerberrin,8,Wheatbelt,7316694,{3954534A-129C-489A-A9FB-92063B2C096B}
116.218205,-30.711518,52768,Great Northern Hwy,South of Midlands Rd,2025/26,1257,1354,1012,58.5,60.7,51,Yes,510,Moora,8,Wheatbelt,7316723,{B625F0C3-68E2-472B-8F50-F1066F100A46}
116.001125,-31.546255,53110,Great Northern Hwy,North of Brand Hwy,2021/22,5169,5164,5033,29,32.6,21.4,No,502,Chittering,8,Wheatbelt,7316485,{36B1396B-C105-44ED-882A-C88A2320EED4}
118.570893,-31.3784719999999,53175,Great Eastern Hwy,East of Walgoolan South Rd,2020/21,1450,1558,1195,34.9,35.9,31.9,No,428,Westonia,8,Wheatbelt,7316503,{2C81604A-D263-4AB0-A89A-82A4028E9C0F}
116.45959,-31.53842,53214,Telegraph Rd,North of Connor St,2020/21,1169,1234,1001,15.1,16.5,11.4,No,426,Toodyay,8,Wheatbelt,7316518,{6AF09F6F-5106-4A26-AA5B-A7A6D41BBE90}
118.626,-32.7504099999999,53257,Luke Price Rd,North of Pingaring Varley Rd,2020/21,35,43,19,22.9,25.6,15.8,No,412,Kulin,8,Wheatbelt,7316550,{A08480CC-BF3A-4818-A222-88E09A8A4F9F}
117.010242,-31.6569239999999,53270,Quellington Rd,South of Great Eastern Hwy,2022/23,97,101,83,23.7,23.8,19.3,No,406,Cunderdin,8,Wheatbelt,7316057,{56F0CF0A-6C0C-401E-B440-1E1011F7275E}
117.07646,-32.51397,53293,Great Southern Hwy,North of Review St,2020/21,824,855,747,23.9,26.4,17.4,No,423,Pingelly,8,Wheatbelt,7316075,{B705A8BB-FD4E-42CA-855E-177D9FD909C0}
116.036597,-30.628634,53307,Miling Moora Rd,East of Barber Rd,2022/23,243,290,142,21.8,23.4,14.1,No,510,Moora,8,Wheatbelt,7316085,{5B3010D8-F589-4589-A09D-517DFADCDC49}
115.925698,-31.4537769999999,53585,Airfield Rd,West of Brand Hwy,2021/22,169,214,76,27.2,28,19.7,No,507,Gingin,8,Wheatbelt,7316175,{03D3A4F1-274C-48B1-B3CB-A4C43C719A0C}
117.51874,-32.4245099999999,53671,Bulleye Rd,North of Gardners Rd,2022/23,20,25,10,50,52,30,No,404,Corrigin,8,Wheatbelt,7316237,{D462EA24-9B94-4365-B1F7-8641C10DE7D7}
115.69951,-30.8796399999999,53682,Dandaragan Rd,North of Rowes Rd,2022/23,199,159,310,17.6,22.6,11,No,504,Dandaragan,8,Wheatbelt,7316247,{0DEEAF62-B3FE-4DE8-A81C-18C4EA5DCC83}
116.6512,-31.6447699999999,6026,Newcastle Rd,East of Colebatch Rd,2020/21,1904,2153,1268,13.5,14.4,11.1,No,421,Northam,8,Wheatbelt,7318497,{416ABFE9-B186-4854-A1A9-B7358786E336}
116.45683,-31.7494599999999,6995,Great Eastern Hwy,East of Berry Brow Rd,2024/25,6783,7102,5898,26.3,29.2,19.1,No,421,Northam,8,Wheatbelt,7316809,{34E7BEFF-498F-427B-AD4A-9B18FA4F46A7}
